INSERT INTO users (provider, provider_id, username, nickname, role) VALUES ('LOGIN_GOOGLE', 'google_user_1', 'moup_1', 'nickname',  'ROLE_WORKER');
INSERT INTO users (provider, provider_id, username, nickname, role, deleted_at, is_deleted) VALUES ('LOGIN_GOOGLE', 'google_user_2', 'moup_2', 'nickname', 'ROLE_WORKER', '2025-08-01 01:01:01', '1');
INSERT INTO users (provider, provider_id, username, nickname, role) VALUES ('LOGIN_GOOGLE', 'google_user_3', 'moup_3', 'nickname', 'ROLE_WORKER');
INSERT INTO users (provider, provider_id, username, nickname, role) VALUES ('LOGIN_GOOGLE', 'google_user_4', 'moup_4', 'nickname', 'ROLE_WORKER');
INSERT INTO users (provider, provider_id, username, nickname, role) VALUES ('LOGIN_GOOGLE', '123456789012-abcdefghijklmnopqrstuvwxyz.apps.googleusercontent.com', 'moup_5', 'nickname', 'ROLE_WORKER');
INSERT INTO users (provider, provider_id, username, nickname, role) VALUES ('LOGIN_GOOGLE', 'moup-admin', 'moup_admin', 'moup-admin', 'ROLE_ADMIN');
INSERT INTO routines (user_id, routine_name, alarm_time) VALUES (1, 'Routine_1', '16:15:00');
INSERT INTO routines (user_id, routine_name, alarm_time) VALUES (2, 'Routine_2', '15:00:00');
INSERT INTO routines (user_id, routine_name, alarm_time) VALUES (3, 'Routine_3', '15:30:00');
INSERT INTO routines (user_id, routine_name, alarm_time) VALUES (4, 'Routine_4', '09:15:00');
INSERT INTO routines (user_id, routine_name, alarm_time) VALUES (5, 'Routine_5', '13:00:00');
INSERT INTO routine_tasks (routine_id, user_id, content, order_index) VALUES (1, 1, 'Task for routine 1', 1);
INSERT INTO routine_tasks (routine_id, user_id, content, order_index) VALUES (2, 2, 'Task for routine 2', 1);
INSERT INTO routine_tasks (routine_id, user_id, content, order_index) VALUES (3, 3, 'Task for routine 3', 1);
INSERT INTO routine_tasks (routine_id, user_id, content, order_index) VALUES (4, 4, 'Task for routine 4', 1);
INSERT INTO routine_tasks (routine_id, user_id, content, order_index) VALUES (5, 5, 'Task for routine 5', 1);
INSERT INTO calendars (calendar_name, is_shared) VALUES ('Calendar_1', 0);
INSERT INTO calendars (calendar_name, is_shared) VALUES ('Calendar_2', 0);
INSERT INTO calendars (calendar_name, is_shared) VALUES ('Calendar_3', 0);
INSERT INTO calendars (calendar_name, is_shared) VALUES ('Calendar_4', 1);
INSERT INTO calendars (calendar_name, is_shared) VALUES ('Calendar_5', 1);
INSERT INTO user_calendar_mappings (user_id, calendar_id) VALUES (1, 1);
INSERT INTO user_calendar_mappings (user_id, calendar_id) VALUES (2, 2);
INSERT INTO user_calendar_mappings (user_id, calendar_id) VALUES (3, 3);
INSERT INTO user_calendar_mappings (user_id, calendar_id) VALUES (4, 4);
INSERT INTO user_calendar_mappings (user_id, calendar_id) VALUES (5, 5);
INSERT INTO workplace_category (category_name) VALUES ('Category_1');
INSERT INTO workplace_category (category_name) VALUES ('Category_2');
INSERT INTO workplace_category (category_name) VALUES ('Category_3');
INSERT INTO workplace_category (category_name) VALUES ('Category_4');
INSERT INTO workplace_category (category_name) VALUES ('Category_5');
INSERT INTO workplaces (owner_id, workplace_name, category_id, salary_type, salary_calculation, hourly_rate, salary_date, salary_day, has_national_pension, has_health_insurance, has_employment_insurance, has_industrial_accident, has_income_tax, has_night_allowance) VALUES (1, 'Workspace_1', 1, 'SALARY_MONTHLY', 'SALARY_CALCULATION_HOURLY', 10000, 25, 'FRI', 1, 1, 1, 1, 1, 0);
INSERT INTO workplaces (owner_id, workplace_name, category_id, salary_type, salary_calculation, hourly_rate, salary_date, salary_day, has_national_pension, has_health_insurance, has_employment_insurance, has_industrial_accident, has_income_tax, has_night_allowance) VALUES (1, 'Workspace_2', 2, 'SALARY_MONTHLY', 'SALARY_CALCULATION_HOURLY', 10000, 25, 'FRI', 1, 1, 1, 1, 1, 0);
INSERT INTO workplaces (owner_id, workplace_name, category_id, salary_type, salary_calculation, hourly_rate, salary_date, salary_day, has_national_pension, has_health_insurance, has_employment_insurance, has_industrial_accident, has_income_tax, has_night_allowance) VALUES (1, 'Workspace_3', 3, 'SALARY_MONTHLY', 'SALARY_CALCULATION_HOURLY', 10000, 25, 'FRI', 1, 1, 1, 1, 1, 0);
INSERT INTO workplaces (owner_id, workplace_name, category_id, salary_type, salary_calculation, hourly_rate, salary_date, salary_day, has_national_pension, has_health_insurance, has_employment_insurance, has_industrial_accident, has_income_tax, has_night_allowance) VALUES (1, 'Workspace_4', 4, 'SALARY_MONTHLY', 'SALARY_CALCULATION_HOURLY', 10000, 25, 'FRI', 1, 1, 1, 1, 1, 0);
INSERT INTO workplaces (owner_id, workplace_name, category_id, salary_type, salary_calculation, hourly_rate, salary_date, salary_day, has_national_pension, has_health_insurance, has_employment_insurance, has_industrial_accident, has_income_tax, has_night_allowance) VALUES (1, 'Workspace_5', 5, 'SALARY_MONTHLY', 'SALARY_CALCULATION_HOURLY', 10000, 25, 'FRI', 1, 1, 1, 1, 1, 0);
INSERT INTO workers (user_id, workplace_id) VALUES (1, 1);
INSERT INTO workers (user_id, workplace_id) VALUES (2, 2);
INSERT INTO workers (user_id, workplace_id) VALUES (3, 3);
INSERT INTO workers (user_id, workplace_id) VALUES (4, 4);
INSERT INTO workers (user_id, workplace_id) VALUES (5, 5);
INSERT INTO works (workplace_id, work_date, start_time, end_time, rest_time, memo, daily_income) VALUES (1, '2023-09-27', '17:15:00', '15:30:00', '01:00:00', 'Memo 1', 120000);
INSERT INTO works (workplace_id, work_date, start_time, end_time, rest_time, memo, daily_income) VALUES (2, '2023-12-21', '15:15:00', '19:45:00', '01:00:00', 'Memo 2', 120000);
INSERT INTO works (workplace_id, work_date, start_time, end_time, rest_time, memo, daily_income) VALUES (3, '2023-11-18', '14:00:00', '14:00:00', '01:00:00', 'Memo 3', 120000);
INSERT INTO works (workplace_id, work_date, start_time, end_time, rest_time, memo, daily_income) VALUES (4, '2023-01-31', '08:30:00', '17:45:00', '01:00:00', 'Memo 4', 120000);
INSERT INTO works (workplace_id, work_date, start_time, end_time, rest_time, memo, daily_income) VALUES (5, '2023-06-21', '15:30:00', '17:15:00', '01:00:00', 'Memo 5', 120000);
INSERT INTO calendar_work_mapping (calendar_id, work_id, workplace_id) VALUES (1, 1, 1);
INSERT INTO calendar_work_mapping (calendar_id, work_id, workplace_id) VALUES (2, 2, 2);
INSERT INTO calendar_work_mapping (calendar_id, work_id, workplace_id) VALUES (3, 3, 3);
INSERT INTO calendar_work_mapping (calendar_id, work_id, workplace_id) VALUES (4, 4, 4);
INSERT INTO calendar_work_mapping (calendar_id, work_id, workplace_id) VALUES (5, 5, 5);
